description,mood

"Wagging tail and jumping excitedly",Happy
"Barking loudly at visitors",Angry
"Sleeping peacefully in a sunny spot",Relaxed
"Crying softly near the door",Sad

"Playfully chasing owner's feet",Happy
"Growling at stranger dogs",Angry
"Stretching and yawning on couch",Relaxed
"Refusing to eat favorite food",Sad

"Running around backyard with joy",Happy
"Whining quietly in the crate",Sad
"Sniffing calmly at the park",Relaxed
"Snapping at hands while being groomed",Angry

"Rolling on back for belly rub",Happy
"Pacing back and forth anxiously",Sad
"Barking fiercely when doorbell rings",Angry
"Dozing under the table",Relaxed

"Jumping to catch flying toy",Happy
"Tail tucked and ears pinned back",Sad
"Growling and baring teeth",Angry
"Cuddling close to owner",Relaxed

"Excitedly bringing toy to play",Happy
"Avoiding eye contact and crouching",Sad
"Snarling at approaching strangers",Angry
"Calmly sitting and observing surroundings",Relaxed

"Tugging at owner's clothes playfully",Happy
"Scratching door when left alone",Sad
"Barking angrily at moving cars",Angry
"Lying on back sunbathing",Relaxed

"Nudging owner with nose lovingly",Happy
"Limping around slowly",Sad
"Growling softly while eating",Angry
"Sniffing flowers in the garden",Relaxed

"Rolling happily on the grass",Happy
"Wimpering and hiding under table",Sad
"Snapping and barking in frustration",Angry
"Yawning and laying flat on floor",Relaxed

"Tail wagging in wide arcs",Happy
"Trembling during loud noises",Sad
"Lunging at other dogs aggressively",Angry
"Sleeping curled up peacefully",Relaxed

"Bouncing around with high energy",Happy
"Avoiding food and water",Sad
"Growling defensively when touched",Angry
"Staring calmly out the window",Relaxed

"Excitedly spinning in circles",Happy
"Dragging feet and moving slowly",Sad
"Showing teeth when strangers approach",Angry
"Contently napping on owner's lap",Relaxed

"Playfully pawing owner's hand",Happy
"Head drooping and slow tail wag",Sad
"Snarling loudly at visitors",Angry
"Softly snoring while sleeping",Relaxed
"Biting leash and pulling hard",Angry

"Running with tongue hanging out",Happy
"Refusing to engage in play",Sad
"Growling and pulling leash",Angry
"Watching surroundings with relaxed gaze",Relaxed

"Excited leaps when meeting owner",Happy
"Head lowered and ears drooping",Sad
"Barking viciously at postman",Angry
"Tail wagging lazily",Relaxed

"Energetically fetching thrown ball",Happy
"Whimpering while sitting alone",Sad
"Growling during bath time",Angry
"Lying sprawled out comfortably",Relaxed

"Bounding around playfully",Happy
"Hiding under bed during storms",Sad
"Growling at passing dogs",Angry
"Strolling calmly beside owner",Relaxed

"Excitedly scratching door to go out",Happy
"Shaking and hiding in a corner",Sad
"Growling protectively when strangers near",Angry
"Relaxing under the tree shade",Relaxed

"Jumping up eagerly at owner",Happy
"Ears back and shivering",Sad
"Snapping at unfamiliar dogs",Angry
"Calmly lying near fireplace",Relaxed
"Hiding behind furniture",Sad

"Running fast and barking joyfully",Happy
"Hiding behind owner's legs",Sad
"Growling loudly at vet",Angry
"Sleeping stretched out happily",Relaxed

"Excited bark upon seeing familiar faces",Happy
"Slouched posture and avoiding movement",Sad
"Snarling at bicycles passing by",Angry
"Calm slow breathing while resting",Relaxed

"Wagging tail rapidly",Happy
"Refusing eye contact and food",Sad
"Growling under breath",Angry
"Lounging in a patch of sun",Relaxed

"Pouncing playfully on toys",Happy
"Curled up tightly under bed",Sad
"Growling aggressively at food bowl",Angry
"Relaxed, lazy tail wag",Relaxed

"Leaping around owner excitedly",Happy
"Cowering at sudden noises",Sad
"Snarling during grooming",Angry
"Sleeping next to owner's bed",Relaxed

"Chewing toy happily",Happy
"Backing away from unfamiliar people",Sad
"Growling and lunging at other pets",Angry
"Calmly chewing bone",Relaxed

"Excitedly rolling over repeatedly",Happy
"Whining persistently",Sad
"Snapping at strangers' feet",Angry
"Soft tail thumps on floor",Relaxed

"Bounding across the field",Happy
"Head hanging low with slow walk",Sad
"Growling and barking defensively",Angry
"Lying lazily by owner's side",Relaxed

"Joyfully chasing owner's feet",Happy
"Crouching low in submission",Sad
"Barking ferociously at loud sounds",Angry
"Calm sitting posture while waiting",Relaxed

"Running circles around yard",Happy
"Refusing treats and hiding",Sad
"Growling when approached",Angry
"Snoozing happily on sofa",Relaxed

"Spinning in happy excitement",Happy
"Whimpering under blanket",Sad
"Growling with ears pinned",Angry
"Resting with soft snores",Relaxed

"Play bow followed by bark",Happy
"Lowering head and hiding face",Sad
"Growling with tense body",Angry
"Relaxed tail wag while lying down",Relaxed

"Jumping happily into owner's arms",Happy
"Shivering while hiding",Sad
"Barking aggressively when cornered",Angry
"Napping soundly",Relaxed

"Joyfully racing around dog park",Happy
"Lowered ears and tucked tail",Sad
"Growling menacingly at new pets",Angry
"Sunbathing on the porch",Relaxed

"Excitedly greeting owner with wagging tail",Happy
"Hiding in closet after thunder",Sad
"Barking fiercely at neighbor's dog",Angry
"Lying on the bed with paws stretched out",Relaxed

"Running after a bouncing ball",Happy
"Refusing to go outside in the rain",Sad
"Snapping at other pets during playtime",Angry
"Relaxing by the window with a breeze",Relaxed

"Chasing after a squirrel with excitement",Happy
"Crying at the door for attention",Sad
"Growling at anyone who touches its food",Angry
"Stretching out on the cool floor",Relaxed

"Running in circles after a ball",Happy
"Shivering and staying close to owner",Sad
"Snapping at a barking dog through the fence",Angry
"Lying peacefully on the couch",Relaxed

"Excitedly meeting new people",Happy
"Refusing to play with favorite toy",Sad
"Barking loudly at the sound of sirens",Angry
"Stretching and relaxing in the sun",Relaxed

"Rolling in the dirt playfully",Happy
"Whining at the door when left alone",Sad
"Growling at dogs during walks",Angry
"Resting quietly in the corner",Relaxed

"Running through puddles happily",Happy
"Being unusually quiet and withdrawn",Sad
"Barking at a car passing by",Angry
"Sitting in the sun with eyes half closed",Relaxed

"Jumping around in excitement",Happy
"Tail tucked between legs and head low",Sad
"Barking at strangers on a walk",Angry
"Lying in front of the fan",Relaxed

"Leaping into owner's lap excitedly",Happy
"Refusing to go into crate",Sad
"Growling and snapping during play",Angry
"Sleeping soundly on the floor",Relaxed

"Excited tail wagging at food bowl",Happy
"Whimpering when left alone",Sad
"Snarling at unfamiliar people",Angry
"Relaxing in the shade on a hot day",Relaxed

"Chasing a frisbee with joy",Happy
"Refusing to eat dinner",Sad
"Snapping at flies and insects",Angry
"Calmly resting near a warm fire",Relaxed

"Excitedly playing fetch with owner",Happy
"Sniffing around in a confused manner",Sad
"Barking at every little sound",Angry
"Sleeping with paws in the air",Relaxed

"Running happily with a stick",Happy
"Whining at the sound of a car leaving",Sad
"Growling at the sound of a vacuum",Angry
"Resting with eyes closed in a cozy corner",Relaxed

"Chasing its own tail",Happy
"Hiding behind a chair when scared",Sad
"Barking fiercely at another dog through the window",Angry
"Relaxing with a soft breeze blowing",Relaxed

"Running around in the yard",Happy
"Sitting alone in the corner quietly",Sad
"Snapping at an object in frustration",Angry
"Calmly sitting by the door",Relaxed

"Excitedly shaking paws with owner",Happy
"Sitting with drooping ears",Sad
"Growling at a toy",Angry
"Stretching and yawning on the rug",Relaxed

"Running across the beach with joy",Happy
"Backing away from a strange smell",Sad
"Barking loudly at shadows",Angry
"Lying next to owner contently",Relaxed

"Chasing after a butterfly",Happy
"Slowly walking with head down",Sad
"Snapping at anyone near its toy",Angry
"Resting on a cool stone floor",Relaxed

"Jumping excitedly when owner returns home",Happy
"Sniffing at the ground with no energy",Sad
"Growling when another dog gets too close",Angry
"Calmly relaxing in the garden",Relaxed

"Chasing after a butterfly",Happy
"Whining at the door to go out",Sad
"Snarling at food near the table",Angry
"Resting peacefully on the floor",Relaxed

"Running through puddles with joy",Happy
"Whimpering softly after being scolded",Sad
"Barking at birds outside",Angry
"Laying down with paws stretched out",Relaxed

"Chasing after a bouncing ball",Happy
"Sitting quietly in the corner",Sad
"Baring teeth at a nearby animal",Angry
"Resting by the door in contentment",Relaxed

"Wagging tail vigorously in excitement",Happy
"Refusing to move from spot",Sad
"Growling loudly at a stranger",Angry
"Snoozing with head on paws",Relaxed

"Jumping in excitement at playtime",Happy
"Looking out the window with sadness",Sad
"Barking sharply at the neighbor",Angry
"Sprawled out relaxing on the carpet",Relaxed

"Leaping over a hurdle playfully",Happy
"Tail tucked and ears flat",Sad
"Snapping when approached unexpectedly",Angry
"Calmly resting on the couch",Relaxed

"Rolling in the snow joyfully",Happy
"Quietly sitting and staring into space",Sad
"Barking non-stop at a passing vehicle",Angry
"Lying on the floor with eyes closed",Relaxed

"Running in the park with full energy",Happy
"Pacing around restlessly",Sad
"Growling fiercely at passing cars",Angry
"Calmly sitting in the sun",Relaxed

"Chasing after a thrown stick",Happy
"Hiding in the corner when left alone",Sad
"Snapping when being petted in wrong spot",Angry
"Leisurely laying near the fireplace",Relaxed

"Jumping over obstacles with enthusiasm",Happy
"Slumped and unwilling to move",Sad
"Barking angrily at a visitor",Angry
"Resting quietly with eyes closed",Relaxed

"Wagging tail in excitement at hearing owner's voice",Happy
"Shaking with anxiety",Sad
"Growling loudly at a delivery truck",Angry
"Resting with a deep sigh of contentment",Relaxed

"Chasing a car along the driveway",Happy
"Sitting by the door waiting for someone",Sad
"Snapping at a squirrel in the yard",Angry
"Relaxing on a soft pillow",Relaxed

"Bouncing in place with joy",Happy
"Watching from the window with longing",Sad
"Snarling at a dog walking past",Angry
"Calmly observing surroundings",Relaxed

"Running excitedly towards owner",Happy
"Hiding behind a curtain",Sad
"Barking loudly at passing joggers",Angry
"Sprawled comfortably on a rug",Relaxed

"Chasing after a frisbee",Happy
"Resting with head on paws",Sad
"Snapping at a fly",Angry
"Quietly resting in a sunbeam",Relaxed

"Leaping around to catch a ball",Happy
"Sitting near the door, waiting",Sad
"Growling at an approaching dog",Angry
"Relaxed body with tail gently wagging",Relaxed

"Running around in circles",Happy
"Sitting under the table feeling low",Sad
"Snapping at shoes or socks",Angry
"Calmly watching the world outside",Relaxed

"Chasing shadows on the wall",Happy
"Licking paws nervously",Sad
"Growling in defense of territory",Angry
"Stretched out in relaxation",Relaxed

"Running in circles with excitement",Happy
"Looking out the window with melancholy",Sad
"Snarling at a piece of food out of reach",Angry
"Taking a peaceful nap",Relaxed

"Jumping to catch a frisbee",Happy
"Whining in a crate",Sad
"Barking furiously at a neighbor's dog",Angry
"Lying comfortably with a relaxed posture",Relaxed

"Running and leaping in the yard",Happy
"Resting with a heavy sigh",Sad
"Snapping at someone's hand playfully",Angry
"Dozing off contentedly",Relaxed

"Leaping over furniture in excitement",Happy
"Furrowed brow and slow steps",Sad
"Growling loudly at an intruder",Angry
"Calmly chewing on a favorite toy",Relaxed

"Chasing a laser pointer on the floor",Happy
"Slouched down in disappointment",Sad
"Snapping at a stranger’s phone",Angry
"Resting calmly in the sun",Relaxed

"Bounding after a treat",Happy
"Eyeing a treat with hesitation",Sad
"Growling over a toy being taken",Angry
"Calmly resting by the door",Relaxed

"Running joyfully through the house",Happy
"Looking down at paws with sadness",Sad
"Barking at something on TV",Angry
"Relaxed and yawning",Relaxed

"Jumping high for a toy",Happy
"Whining softly and pacing",Sad
"Snapping when another dog approaches",Angry
"Calmly resting by the fireplace",Relaxed

"Running across the yard to greet owner",Happy
"Sitting with a sad look",Sad
"Barking and showing teeth",Angry
"Laying down comfortably after play",Relaxed

"Running to meet the family",Happy
"Fur flattened with sadness",Sad
"Snarling at a visiting dog",Angry
"Curled up quietly resting",Relaxed

"Excitedly wagging tail at a new toy",Happy
"Watching the door, waiting for someone",Sad
"Snapping playfully at other dogs",Angry
"Relaxing by the window in peace",Relaxed

"Chasing a ball across the field",Happy
"Looking out the window sadly",Sad
"Snapping at any approaching noise",Angry
"Resting on a soft bed",Relaxed

"Running through the garden",Happy
"Sitting near the door and sighing",Sad
"Barking fiercely at another dog",Angry
"Resting with eyes closed in comfort",Relaxed

"Running with excitement to greet owner",Happy
"Looking down with a sad expression",Sad
"Barking loudly at another dog",Angry
"Lying peacefully under a tree",Relaxed

"Bounding excitedly towards owner",Happy
"Tail low and walking slowly",Sad
"Snapping at an unfamiliar object",Angry
"Calmly relaxing in a quiet spot",Relaxed

"Jumping around with enthusiasm",Happy
"Sitting down with sad eyes",Sad
"Snapping at a car",Angry
"Stretched out on the couch, calm",Relaxed

"Chasing a butterfly in the garden",Happy
"Looking down with a lost expression",Sad
"Barking fiercely at a stranger",Angry
"Resting peacefully with eyes closed",Relaxed

"Leaping and spinning in joy",Happy
"Sitting quietly in a corner",Sad
"Snapping at a visiting cat",Angry
"Calmly resting after playtime",Relaxed

"Running energetically around the house",Happy
"Head drooping low and walking slowly",Sad
"Growling at other dogs during walk",Angry
"Resting peacefully with paws tucked",Relaxed

"Excitedly playing with a new ball",Happy
"Slumped down, refusing to move",Sad
"Snapping at a person's hand",Angry
"Relaxed, tail wagging softly",Relaxed

"Jumping high in excitement",Happy
"Whining softly in the corner",Sad
"Barking loudly at a strange sound",Angry
"Resting with a gentle sigh",Relaxed

"Chasing a ball with full energy",Happy
"Tail drooping and walking slowly",Sad
"Growling at the sound of a doorbell",Angry
"Leisurely lounging on the floor",Relaxed

"Running around in circles",Happy
"Looking out the window with longing",Sad
"Snarling at another dog’s scent",Angry
"Calmly lying next to owner",Relaxed

"Jumping excitedly when seeing food",Happy
"Whining for attention",Sad
"Snapping at unfamiliar noises",Angry
"Resting peacefully in the shade",Relaxed

"Running through the yard happily",Happy
"Tail tucked with sad eyes",Sad
"Barking fiercely at an approaching car",Angry
"Resting by the door waiting for someone",Relaxed

"Leaping into the air in excitement",Happy
"Sitting with paws tucked under",Sad
"Barking at an unexpected sound",Angry
"Relaxing with eyes half-closed",Relaxed

"Running excitedly at full speed",Happy
"Looking longingly out the window",Sad
"Snapping at a flying insect",Angry
"Curled up in a peaceful nap",Relaxed

"Chasing after a bouncing ball",Happy
"Lying down with sad eyes",Sad
"Growling at a passing stranger",Angry
"Resting on a soft blanket",Relaxed

"Running through a field with joy",Happy
"Sitting quietly with a downcast face",Sad
"Barking aggressively at another dog",Angry
"Leisurely relaxing by the fire",Relaxed

"Jumping around with excitement",Happy
"Whining softly near the door",Sad
"Snapping at a piece of food",Angry
"Resting with paws stretched out",Relaxed

"Leaping into the air to catch a ball",Happy
"Looking down with a deep sigh",Sad
"Barking loudly at a squirrel",Angry
"Relaxing in a cozy corner",Relaxed

"Running through puddles in joy",Happy
"Sitting in the corner looking lost",Sad
"Snarling at the mailman",Angry
"Lying down with head resting on paws",Relaxed

"Chasing a butterfly through the yard",Happy
"Whining softly at the window",Sad
"Growling at another dog approaching",Angry
"Relaxing by the window with a peaceful gaze",Relaxed

"Bounding through the snow in excitement",Happy
"Tail between legs and head down",Sad
"Barking at a passing car",Angry
"Resting with eyes closed, calm",Relaxed

"Chasing a toy with full energy",Happy
"Sitting silently with ears down",Sad
"Snapping at the neighbor's dog",Angry
"Sprawled out on a sunny patch",Relaxed

"Jumping for joy in the yard",Happy
"Pacing around restlessly",Sad
"Barking and growling at the door",Angry
"Dozing off in a quiet spot",Relaxed

"Running excitedly around the house",Happy
"Eyes lowered with a downcast expression",Sad
"Snapping at anything that moves",Angry
"Curled up in a ball resting peacefully",Relaxed

"Leaping over obstacles in excitement",Happy
"Looking out the window with longing",Sad
"Barking aggressively at another dog",Angry
"Resting by the door, content",Relaxed

"Running through the park with joy",Happy
"Sitting quietly in a corner",Sad
"Snarling at a toy being taken away",Angry
"Resting under the table",Relaxed

"Jumping and spinning around in excitement",Happy
"Sitting with a forlorn look",Sad
"Growling at a dog that gets too close",Angry
"Lying on a soft pillow, relaxed",Relaxed

"Chasing after a frisbee",Happy
"Whining when left alone",Sad
"Snapping at the sound of a doorbell",Angry
"Calmly resting with eyes closed",Relaxed

"Running to greet family happily",Happy
"Tail between legs and head low",Sad
"Barking loudly at an unfamiliar car",Angry
"Resting with a peaceful sigh",Relaxed

"Leaping into the air after a toy",Happy
"Sitting quietly in the corner, waiting",Sad
"Snapping at a stick",Angry
"Relaxing on the porch",Relaxed

"Running in the yard with excitement",Happy
"Staring out the window with sadness",Sad
"Growling at a passing vehicle",Angry
"Lying by the door, calm and relaxed",Relaxed

"Chasing a stick thrown by owner",Happy
"Whining for attention",Sad
"Barking at another dog in the distance",Angry
"Resting on a soft cushion",Relaxed

"Jumping in excitement at a new toy",Happy
"Quietly sitting in a corner",Sad
"Snapping at an unfamiliar person",Angry
"Resting with a content sigh",Relaxed

"Running through the grass with joy",Happy
"Looking out the window with a sad gaze",Sad
"Barking at the neighbor's cat",Angry
"Relaxed, lying on a soft bed",Relaxed

"Chasing a ball across the yard",Happy
"Head hanging low with sadness",Sad
"Barking loudly at a strange sound",Angry
"Calmly sitting by the door",Relaxed

"Running happily after a treat",Happy
"Tail drooping with sadness",Sad
"Snapping at another dog during walk",Angry
"Resting in a peaceful spot",Relaxed

"Leaping in excitement at the sound of a treat bag",Happy
"Sitting in the rain, looking down",Sad
"Growling at a person entering the house",Angry
"Resting comfortably with paws tucked",Relaxed

"Jumping up to catch a toy",Happy
"Whining softly for attention",Sad
"Barking loudly at a stranger's approach",Angry
"Resting peacefully in the sun",Relaxed

"Running through a field with joy",Happy
"Staring off into the distance, sad",Sad
"Snapping at a passing animal",Angry
"Lying in a quiet spot, relaxed",Relaxed

"Chasing a butterfly through the garden",Happy
"Looking at the door with sadness",Sad
"Snarling at the mailman",Angry
"Resting quietly on a blanket",Relaxed

"Bounding around with full energy",Happy
"Quietly sitting in the corner",Sad
"Barking fiercely at a passing dog",Angry
"Calmly resting on the couch",Relaxed

"Leaping for joy when seeing owner",Happy
"Whining softly with a sad look",Sad
"Snapping at the sound of a doorbell",Angry
"Relaxed, lying on the floor",Relaxed

"Running around in circles with excitement",Happy
"Sitting by the door looking sad",Sad
"Snapping at a passerby",Angry
"Resting in a sunny spot",Relaxed

"Chasing after a frisbee",Happy
"Tail tucked, eyes downcast",Sad
"Barking at another dog from afar",Angry
"Resting with paws crossed",Relaxed

"Leaping around the yard happily",Happy
"Sitting quietly in the corner with a sad face",Sad
"Snarling at a visiting animal",Angry
"Calmly lying next to owner",Relaxed

"Running joyfully after a stick",Happy
"Whining softly when left alone",Sad
"Snapping at something out of reach",Angry
"Relaxing in a cozy spot",Relaxed

"Chasing after a ball with joy",Happy
"Looking at the door expectantly",Sad
"Growling fiercely at another dog",Angry
"Lying down calmly on a cushion",Relaxed

"Bounding towards owner in excitement",Happy
"Quietly resting in a corner",Sad
"Snapping at anyone approaching",Angry
"Sprawled out on the floor",Relaxed

"Running around the yard in excitement",Happy
"Tail between legs with a sad expression",Sad
"Barking loudly at something moving",Angry
"Resting on a soft pillow, calm",Relaxed

"Leaping in joy to catch a toy",Happy
"Whining softly for affection",Sad
"Snapping at a cat that gets too close",Angry
"Relaxing in a quiet spot",Relaxed

"Running at full speed in excitement",Happy
"Sitting in a corner with a sad look",Sad
"Snapping at a toy that's taken away",Angry
"Resting with a sigh of contentment",Relaxed

"Chasing after a ball in the park",Happy
"Sitting quietly and gazing out the window",Sad
"Barking loudly at an approaching vehicle",Angry
"Calmly resting after play",Relaxed

"Leaping around excitedly with joy",Happy
"Whining softly while waiting",Sad
"Snarling at a stranger's approach",Angry
"Dozing off in a peaceful spot",Relaxed

"Running around in circles with joy",Happy
"Sitting quietly with a sad expression",Sad
"Growling at a passing dog",Angry
"Resting in a peaceful and comfortable spot",Relaxed

"Chasing a frisbee across the yard",Happy
"Head down with a sad look",Sad
"Snapping at an approaching animal",Angry
"Calmly relaxing by the door",Relaxed

"Leaping and running joyfully",Happy
"Sitting quietly with paws tucked",Sad
"Barking at a car driving by",Angry
"Resting peacefully with a sigh",Relaxed

"Chasing a squirrel up a tree",Happy
"Looking out the window with a longing gaze",Sad
"Barking fiercely at a passing cat",Angry
"Lying on a warm rug, relaxed",Relaxed

"Running with excitement through the yard",Happy
"Tail low, eyes downcast",Sad
"Snapping at a toy in frustration",Angry
"Resting by the fireplace, content",Relaxed

"Jumping up and down excitedly",Happy
"Whining softly in solitude",Sad
"Snapping at an unfamiliar smell",Angry
"Dozing off next to a window, calm",Relaxed

"Chasing after a frisbee in the park",Happy
"Staring out the window with sadness",Sad
"Barking aggressively at a stranger",Angry
"Relaxing with eyes closed, peaceful",Relaxed

"Leaping over a log with joy",Happy
"Whining for attention from the family",Sad
"Snarling at a loud noise",Angry
"Resting quietly under a tree",Relaxed

"Running through the tall grass with excitement",Happy
"Sitting by the door, waiting for owner",Sad
"Snapping at a passing vehicle",Angry
"Resting on a soft cushion",Relaxed

"Jumping to catch a frisbee in mid-air",Happy
"Eyes cast down with sadness",Sad
"Barking at a bird flying by",Angry
"Calmly lounging on a chair",Relaxed

"Chasing a ball with full energy",Happy
"Sitting quietly with a drooping tail",Sad
"Growling at a new person entering the house",Angry
"Lying by the window, peaceful",Relaxed

"Running in the park with pure joy",Happy
"Whining softly with a sad look",Sad
"Barking at a dog through the fence",Angry
"Resting with paws tucked in, content",Relaxed

"Leaping in excitement after a toy",Happy
"Staring blankly with a sad expression",Sad
"Snarling at the sound of the doorbell",Angry
"Calmly resting under the table",Relaxed

"Chasing a ball through the yard",Happy
"Whining quietly for attention",Sad
"Barking aggressively at a neighbor",Angry
"Resting on a cozy pillow",Relaxed

"Running freely with joy",Happy
"Tail between legs with a sad look",Sad
"Snapping at a passerby",Angry
"Resting in the sun, calm",Relaxed

"Leaping through puddles in excitement",Happy
"Sitting quietly with ears down",Sad
"Barking at a dog passing by",Angry
"Sprawled out on the couch, relaxed",Relaxed

"Chasing a bird across the yard",Happy
"Head hanging low, looking defeated",Sad
"Snapping at a stick",Angry
"Resting next to a warm heater",Relaxed

"Jumping in joy at the sight of a treat",Happy
"Whining for attention from owner",Sad
"Barking at a vehicle pulling up",Angry
"Lying on a soft bed, relaxed",Relaxed

"Running through the grass with energy",Happy
"Sitting by the window, looking lonely",Sad
"Snapping at a toy in frustration",Angry
"Resting in the shade, content",Relaxed

"Leaping up to catch a toy",Happy
"Sitting still with a sad look",Sad
"Snarling at a person approaching",Angry
"Relaxing in a quiet room",Relaxed

"Chasing after a butterfly",Happy
"Tail tucked between legs, head low",Sad
"Barking at a stranger walking by",Angry
"Resting under the tree, calm",Relaxed

"Running in circles with excitement",Happy
"Whining softly by the door",Sad
"Snapping at a toy taken away",Angry
"Dozing off on a cozy rug",Relaxed

"Chasing a ball down the street",Happy
"Sitting quietly in a dark corner",Sad
"Snapping at a sound outside",Angry
"Resting by the window, peaceful",Relaxed

"Jumping up to greet owner",Happy
"Tail drooping, looking down",Sad
"Barking at a person coming too close",Angry
"Relaxing on a comfortable blanket",Relaxed

"Running in the yard with joy",Happy
"Whining softly when left alone",Sad
"Snapping at an animal passing by",Angry
"Resting on the porch in the sun",Relaxed

"Leaping for a flying frisbee",Happy
"Eyes downcast, looking melancholic",Sad
"Barking at a loud noise",Angry
"Resting by the door, content",Relaxed

"Chasing after a stick thrown by owner",Happy
"Sitting still with a sad face",Sad
"Snarling at another dog near the fence",Angry
"Resting comfortably by the fireplace",Relaxed

"Running to greet family with joy",Happy
"Whining softly when ignored",Sad
"Barking fiercely at a loud sound",Angry
"Dozing off in a quiet corner",Relaxed

"Jumping and spinning in excitement",Happy
"Sitting in the rain, looking forlorn",Sad
"Snapping at a passing bird",Angry
"Resting with paws tucked in, peaceful",Relaxed

"Chasing a butterfly through the yard",Happy
"Sitting quietly near the door",Sad
"Barking at a stranger walking by",Angry
"Resting in a comfy spot, calm",Relaxed

"Leaping in the air to catch a toy",Happy
"Eyes lowered with a sad expression",Sad
"Snarling at an approaching dog",Angry
"Relaxing on a soft blanket",Relaxed

"Running in the yard with excitement",Happy
"Looking down with a sad gaze",Sad
"Barking at something in the distance",Angry
"Resting with head on paws, peaceful",Relaxed

"Chasing after a toy in the house",Happy
"Whining softly when no one is around",Sad
"Snapping at a toy thrown away",Angry
"Relaxing by the door, calm",Relaxed

"Jumping in the air in excitement",Happy
"Whining softly, tail between legs",Sad
"Barking loudly at an unfamiliar sound",Angry
"Resting in a cool corner",Relaxed

"Running through a field of flowers",Happy
"Tail drooping, sitting quietly",Sad
"Snapping at a passing animal",Angry
"Sprawled out on a comfortable rug",Relaxed

"Leaping for a high throw",Happy
"Looking out the window with a longing look",Sad
"Barking at another dog across the street",Angry
"Resting by the window, peaceful",Relaxed

"Chasing a toy in circles",Happy
"Sitting still with a soft whine",Sad
"Snapping at the sound of the doorbell",Angry
"Calmly resting under the tree",Relaxed

"Running in excitement towards the park",Happy
"Tail tucked low with a sad expression",Sad
"Barking at a dog on the other side of the fence",Angry
"Resting in a cozy spot",Relaxed

"Leaping high to catch a frisbee",Happy
"Whining softly for attention",Sad
"Snapping at a person in the yard",Angry
"Resting on a soft cushion, calm",Relaxed

"Running around with excitement",Happy
"Sitting by the door with a sad look",Sad
"Snapping at a toy in frustration",Angry
"Dozing off next to a heater",Relaxed

"Chasing after a leaf blowing in the wind",Happy
"Looking out the window with sadness",Sad
"Barking aggressively at a stranger's car",Angry
"Relaxing on a soft blanket",Relaxed

"Leaping in excitement when seeing owner",Happy
"Tail tucked, sitting silently",Sad
"Snarling at another dog nearby",Angry
"Resting in a sunny corner",Relaxed

"Chasing a ball in the yard",Happy
"Whining softly at the door",Sad
"Barking at a passing vehicle",Angry
"Resting with eyes closed, peaceful",Relaxed

"Running with joy through the grass",Happy
"Whining for attention",Sad
"Snapping at a loud sound",Angry
"Relaxing under a shady tree",Relaxed

"Jumping in excitement at the park",Happy
"Staring off into the distance, sad",Sad
"Snarling at a dog across the street",Angry
"Resting quietly with paws crossed",Relaxed

"Chasing after a car in the driveway",Happy
"Eyes downcast, sitting quietly",Sad
"Barking at a shadow in the corner",Angry
"Resting peacefully on a soft bed",Relaxed

"Running to the door to greet guests",Happy
"Whining softly when left outside",Sad
"Snapping at the leash when it's time for a walk",Angry
"Resting in the sunlight, calm",Relaxed

"Jumping up in excitement when seeing treats",Happy
"Staring out the window with longing",Sad
"Barking loudly at a dog on TV",Angry
"Relaxing with paws stretched out",Relaxed

"Leaping into the air to catch a frisbee",Happy
"Looking down with a slow wagging tail",Sad
"Snapping at a bug flying by",Angry
"Resting near a fan, content",Relaxed

"Running in circles with joy",Happy
"Whining softly with head down",Sad
"Barking aggressively at a squirrel",Angry
"Resting under a table, calm",Relaxed

"Chasing after a falling leaf",Happy
"Sitting in the rain with a sad expression",Sad
"Snapping at a bouncing ball",Angry
"Resting on a couch with a gentle sigh",Relaxed

"Running through puddles with excitement",Happy
"Tail low, head down in sadness",Sad
"Barking at a distant car horn",Angry
"Dozing off in a quiet corner",Relaxed

"Chasing a butterfly across the yard",Happy
"Sitting still with a solemn look",Sad
"Snarling at a dog through the fence",Angry
"Resting on a comfortable pillow",Relaxed

"Jumping up and down in excitement",Happy
"Whining quietly when ignored",Sad
"Barking at a passerby on the street",Angry
"Resting peacefully in a quiet room",Relaxed

"Chasing a ball in the park",Happy
"Staring out the door with longing eyes",Sad
"Growling at a vacuum cleaner",Angry
"Resting with head on paws",Relaxed

"Rolling around in the grass",Happy
"Whining while looking out the window",Sad
"Snapping at a stick",Angry
"Sleeping with paws tucked in",Relaxed

"Excitedly barking at a friend",Happy
"Sitting quietly in a dark corner",Sad
"Barking fiercely at a passing car",Angry
"Dozing off in a cozy blanket",Relaxed

"Leaping into the air to catch a toy",Happy
"Looking down with drooping ears",Sad
"Growling while protecting food",Angry
"Stretched out on the floor, content",Relaxed

"Bounding with joy across the yard",Happy
"Resting with head lowered",Sad
"Snarling at another dog’s bark",Angry
"Snuggling close to owner, relaxed",Relaxed

"Jumping around in excitement for a walk",Happy
"Sitting with head hung low",Sad
"Barking at a stray cat",Angry
"Resting under a tree with closed eyes",Relaxed

"Running excitedly in circles",Happy
"Refusing to leave the bed",Sad
"Growling at an unfamiliar sound",Angry
"Sleeping on a soft cushion",Relaxed

"Excitedly greeting family members",Happy
"Sitting in silence, looking down",Sad
"Barking loudly at a mail carrier",Angry
"Resting with paws crossed peacefully",Relaxed

"Leaping up to catch a frisbee",Happy
"Whimpering softly when ignored",Sad
"Snarling at a dog in the distance",Angry
"Calmly laying next to owner’s feet",Relaxed

"Chasing after a squirrel with excitement",Happy
"Curled up in a ball, looking sad",Sad
"Snapping at a fly buzzing around",Angry
"Resting peacefully by the fireplace",Relaxed
